Job Title,Company Name,Stipend,Posted On,Location,Internship Link
Interior Design Sales Assistant,LordsInteriorPvt.Ltd,"₹ 7,000 - 14,000 /month",2 days ago,"Chandigarh, Mohali, Zirakpur, Panchkula",https://internshala.com/internship/detail/interior-design-sales-assistant-internship-in-multiple-locations-at-lords-interior-pvt-ltd1744689039
Telecalling,BuddingMariners,"₹ 15,000 - 22,000 /month",1 day ago,"Jaipur, Rajas, Rajastheli",https://internshala.com/internship/detail/telecalling-internship-in-jaipur-at-budding-mariners1744804231
HR I\,WehireTalentSolutions,"₹ 5,000 /month",2 days ago,"Mumbai, Boriwali, Bandra",https://internshala.com/internship/detail/hr-i-internship-in-multiple-locations-at-wehire-talent-solutions1744718297
Marketing Executive (Onfield + Online),"WehireTalentSolutions(Mumbai,India)","₹ 5,000 /month",2 days ago,"Mumbai, Dahisar, Mira Road (Canada), Boriwali, Bandra",https://internshala.com/internship/detail/marketing-executive-onfield-online-internship-in-multiple-locations-at-wehire-talent-solutions1744718711
Social Media (Digital Media),WehireTalentSolutions,"₹ 5,000 /month",2 days ago,"Mumbai, Dahisar, Boriwali, Bandra, Mira Road",https://internshala.com/internship/detail/social-media-digital-media-internship-in-multiple-locations-at-wehire-talent-solutions1744718561
Architecture,EnduriSpacesAndStructures,"₹ 8,000 /month",1 week ago,Hyderabad,https://internshala.com/internship/detail/architecture-internship-in-hyderabad-at-enduri-spaces-and-structures1744014607
QA Testing,EssPeeQualityProducts,"₹ 10,000 - 20,000 /month",1 day ago,Mohali,https://internshala.com/internship/detail/qa-testing-internship-in-mohali-at-ess-pee-quality-products1744805799
Quality Analyst (Male),Polycrafts,"₹ 10,000 /month",7 days ago,Pune,https://internshala.com/internship/detail/quality-analyst-internship-in-pune-at-polycrafts1744278517
Marketing,S.DEnterprises,"₹ 12,000 - 15,000 /month",5 days ago,Bangalore,https://internshala.com/internship/detail/marketing-internship-in-bangalore-at-sd-enterprises1744445438
Video Editing/Making,DigitalDarzi,"₹ 4,999 - 5,000 /month",2 weeks ago,Jaipur,https://internshala.com/internship/detail/video-editing-making-internship-in-jaipur-at-digital-darzi1743406838
Human Resources (HR),ProtonXMedia,"₹ 7,000 - 10,000 /month",Few hours ago,Delhi,https://internshala.com/internship/detail/human-resources-hr-internship-in-delhi-at-protonx-media1744896589
Talent Acquisition,CollegeDekho.com,"₹ 8,000 - 12,000 /month",Few hours ago,Jaipur,https://internshala.com/internship/detail/talent-acquisition-internship-in-jaipur-at-collegedekhocom1744894177
Business Development (Sales),ProtechmanizeSolutionsPv.tLtd.,"₹ 5,000 - 10,000 /month",2 days ago,"Thane, Navi Mumbai, Mumbai",https://internshala.com/internship/detail/business-development-sales-internship-in-multiple-locations-at-protechmanize-solutions-pvt-ltd1744719589
Marketing Executive,LawPrepTutorial,"₹ 10,000 /month",Few hours ago,"Allahabad, Kanpur Dehat, Kanpur",https://internshala.com/internship/detail/part-time-marketing-executive-internship-in-multiple-locations-at-law-prep-tutorial1744887823
Digital Marketing,Interiosplash,"₹ 5,000 - 10,000 /month",Few hours ago,Bangalore,https://internshala.com/internship/detail/digital-marketing-internship-in-bangalore-at-interiosplash1744892084
Lead Generation,TrippleOneSolutions,"₹ 3,000 - 10,000 /month",Few hours ago,Work from home,https://internshala.com/internship/detail/work-from-home-part-time-lead-generation-internship-at-tripple-one-solutions1744898896
Digital Marketing,DIGIPULL,"₹ 8,500 - 16,000 /month",2 weeks ago,Noida,https://internshala.com/internship/detail/digital-marketing-internship-in-noida-at-digipull1743242123
Sales,BawejaMedia,"₹ 8,000 - 18,000 /month",Few hours ago,Work from home,https://internshala.com/internship/detail/work-from-home-sales-internship-at-baweja-media1744897626
Digital Marketing,Kweesha,"₹ 8,000 - 16,000 /month",Few hours ago,Lucknow,https://internshala.com/internship/detail/digital-marketing-internship-in-lucknow-at-kweesha1744884511
Digital Marketing,NeuronurtureKids,"₹ 7,000 - 12,000 /month",3 days ago,Mumbai,https://internshala.com/internship/detail/digital-marketing-internship-in-mumbai-at-neuronurture-kids1744613396
Project Coordinator,DeveLearnTechnologies,"₹ 12,000 - 15,000 /month",1 day ago,Mumbai,https://internshala.com/internship/detail/project-coordinator-internship-in-mumbai-at-develearn-technologies1744791614
Content Dissemination,TheBangaloreEditorial,"₹ 5,000 - 5,002 /month",Few hours ago,Bangalore,https://internshala.com/internship/detail/content-dissemination-internship-in-bangalore-at-the-bangalore-editorial1744881318
Quality Analyst,PbHolotechIndiaPvtLtd,"₹ 7,500 - 12,000 /month",Few hours ago,"Kolkata, Howrah",https://internshala.com/internship/detail/quality-analyst-internship-in-multiple-locations-at-pb-holotech-india-pvt-ltd1744880610
Graphic Design,VRSPrinters,"₹ 10,000 - 12,000 /month",Few hours ago,Gurgaon,https://internshala.com/internship/detail/graphic-design-internship-in-gurgaon-at-vrs-printers1744889237
Supply/Procurement Sourcing  - Warehouse - FTL,Stockarea,"₹ 10,000 - 15,000 /month",Few hours ago,Chennai,https://internshala.com/internship/detail/supply-procurement-sourcing-warehouse-ftl-internship-in-chennai-at-stockarea1744892436
Transport Operations (FTL),Stockarea,"₹ 10,000 - 15,000 /month",Few hours ago,Chennai,https://internshala.com/internship/detail/transport-operations-ftl-internship-in-chennai-at-stockarea1744892046
Sales - Warehousing And Distribution,Stockarea,"₹ 10,000 - 15,000 /month",Few hours ago,Chennai,https://internshala.com/internship/detail/sales-warehousing-and-distribution-internship-in-chennai-at-stockarea1744892342
Sales,SentriscopeDataIntelligencePrivateLimited,"₹ 8,000 - 80,000 /month",Few hours ago,"Thane, Navi Mumbai, Mumbai, Vasai-Virar",https://internshala.com/internship/detail/sales-internship-in-multiple-locations-at-sentriscope-data-intelligence-private-limited1744881082
Subject Matter Expert (SME),Vidyakul,"₹ 8,000 - 10,000 /month",Few hours ago,Gurgaon,https://internshala.com/internship/detail/subject-matter-expert-sme-internship-in-gurgaon-at-vidyakul1744892867
Learning And Development Operations,Enout,"₹ 6,000 - 8,000 /month",Few hours ago,Gurgaon,https://internshala.com/internship/detail/learning-and-development-operations-internship-in-gurgaon-at-enout1744893607
Operations,NextLabs,"₹ 10,000 - 12,000 /month",Few hours ago,Mumbai,https://internshala.com/internship/detail/operations-internship-in-mumbai-at-next-labs1744893243
Client Servicing,Internshala,"₹ 18,000 /month",Few hours ago,Gurgaon,https://internshala.com/internship/detail/client-servicing-internship-in-gurgaon-at-internshala1744893398
Site Engineering,JayavantraoGhyarPatilSevabhaviSanstha,Unpaid,Few hours ago,Hingoli,https://internshala.com/internship/detail/site-engineering-internship-in-hingoli-at-jayavantrao-ghyar-patil-sevabhavi-sanstha1744891722
Recruitment,VahanTechnologiesIndiaPrivateLimited,"₹ 10,000 - 13,000 /month",6 days ago,Bangalore,https://internshala.com/internship/detail/recruitment-internship-in-bangalore-at-vahan-technologies-india-private-limited1744350051
Social Media Management,BeRollingMedia,"₹ 5,000 - 8,000 /month",Few hours ago,Delhi,https://internshala.com/internship/detail/social-media-management-internship-in-delhi-at-be-rolling-media1744893097
Performance Marketing,BeRollingMedia,"₹ 5,000 - 8,000 /month",Few hours ago,Delhi,https://internshala.com/internship/detail/performance-marketing-internship-in-delhi-at-be-rolling-media1744893304
Graphic Design,BeRollingMedia,"₹ 5,000 - 8,000 /month",Few hours ago,Delhi,https://internshala.com/internship/detail/graphic-design-internship-in-delhi-at-be-rolling-media1744893035
Human Resources (HR),Boomerang,"₹ 10,000 - 11,000 /month",Today,Jaipur,https://internshala.com/internship/detail/human-resources-hr-internship-in-jaipur-at-boomerang1744872194
Hindi AI Content Creator,Prarang,"₹ 15,000 - 25,000 /month",6 days ago,Noida,https://internshala.com/internship/detail/hindi-ai-content-creator-internship-in-noida-at-prarang1744366539
Client Servicing,NextLabs,"₹ 10,000 - 12,000 /month",Few hours ago,Mumbai,https://internshala.com/internship/detail/client-servicing-internship-in-mumbai-at-next-labs1744891098
Video Editing/Making,Brandshark,"₹ 10,000 /month",Few hours ago,Bangalore,https://internshala.com/internship/detail/video-editing-making-internship-in-bangalore-at-brandshark1744890753
Content Writing,NextLabs,"₹ 10,000 - 12,000 /month",Few hours ago,Mumbai,https://internshala.com/internship/detail/content-writing-internship-in-mumbai-at-next-labs1744891180
Operations,Avaesa,"₹ 5,000 - 10,000 /month",Today,Chennai,https://internshala.com/internship/detail/operations-internship-in-chennai-at-avaesa1744869042
Corporate Sales,GlobeSecurityServicesPrivateLimited,"₹ 10,000 /month",1 week ago,Mumbai,https://internshala.com/internship/detail/corporate-sales-internship-in-mumbai-at-globe-security-services-private-limited1744207605
Business Development (Sales),ScalarTechMediaPrivateLimited,"₹ 12,000 - 15,000 /month",Today,Mumbai,https://internshala.com/internship/detail/business-development-sales-internship-in-mumbai-at-scalar-tech-media-private-limited1744875113
"Photographer, Videographer And Content Creator",GiftdMindsLearningPrivateLimited,"₹ 15,000 - 20,000 /month",Today,Bangalore,https://internshala.com/internship/detail/photographer-videographer-and-content-creator-internship-in-bangalore-at-giftdminds-learning-private-limited1744870593
Operations,BabulFilmsSocietyNGO,"₹ 10,000 /month",Few hours ago,Hyderabad,https://internshala.com/internship/detail/operations-internship-in-hyderabad-at-babul-films-society-ngo1744891311
Video Editing/Making,URELegalAdvocates,"₹ 1,000 /month",Few hours ago,Work from home,https://internshala.com/internship/detail/work-from-home-video-editing-making-internship-at-ure-legal-advocates1744896170
Business Development (Sales),Argmac,"₹ 10,000 - 15,000 /month",Today,"Delhi, Gurgaon",https://internshala.com/internship/detail/business-development-sales-internship-in-multiple-locations-at-argmac1744875250
Cyber Security,RequinSolutionsPrivateLimited,"₹ 10,000 - 12,000 /month",Few hours ago,Jaipur,https://internshala.com/internship/detail/cyber-security-internship-in-jaipur-at-requin-solutions-private-limited1744891909
